month,tilt_angle,system_loss,capacity_kw,power_output_w,solar_radiation_kwh_m2_day
1,10,8,1,136.3670786,5.605685969
2,10,8,1,131.6259077,6.059446591
3,10,8,1,161.0299258,6.897068008
4,10,8,1,163.8196851,7.350781312
5,10,8,1,167.1981732,7.158731589
6,10,8,1,137.7927832,5.924742535
7,10,8,1,135.6762539,5.48626247
8,10,8,1,133.3428236,5.360263154
9,10,8,1,131.9789224,5.548301359
10,10,8,1,142.3262136,5.904785281
11,10,8,1,133.0141515,5.560647177
12,10,8,1,130.6991726,5.24881711
1,10,8,2,272.7341572,5.605685969
2,10,8,2,263.2518154,6.059446591
3,10,8,2,322.0598515,6.897068008
4,10,8,2,327.6393701,7.350781312
5,10,8,2,334.3963465,7.158731589
6,10,8,2,275.5855664,5.924742535
7,10,8,2,271.3525078,5.48626247
8,10,8,2,266.6856472,5.360263154
9,10,8,2,263.9578449,5.548301359
10,10,8,2,284.6524271,5.904785281
11,10,8,2,266.028303,5.560647177
12,10,8,2,261.3983453,5.24881711
1,10,8,3,409.1012358,5.605685969
2,10,8,3,394.8777231,6.059446591
3,10,8,3,483.0897773,6.897068008
4,10,8,3,491.4590552,7.350781312
5,10,8,3,501.5945197,7.158731589
6,10,8,3,413.3783496,5.924742535
7,10,8,3,407.0287617,5.48626247
8,10,8,3,400.0284707,5.360263154
9,10,8,3,395.9367673,5.548301359
10,10,8,3,426.9786407,5.904785281
11,10,8,3,399.0424545,5.560647177
12,10,8,3,392.0975179,5.24881711
1,10,10,1,133.3747458,5.605685969
2,10,10,1,128.737764,6.059446591
3,10,10,1,157.497222,6.897068008
4,10,10,1,160.2273684,7.350781312
5,10,10,1,163.5300847,7.158731589
6,10,10,1,134.7640564,5.924742535
7,10,10,1,132.6929937,5.48626247
8,10,10,1,130.4120134,5.360263154
9,10,10,1,129.0787962,5.548301359
10,10,10,1,139.2021802,5.904785281
11,10,10,1,130.0941053,5.560647177
12,10,10,1,127.8301413,5.24881711
1,10,10,2,266.7494915,5.605685969
2,10,10,2,257.4755279,6.059446591
3,10,10,2,314.9944441,6.897068008
4,10,10,2,320.4547367,7.350781312
5,10,10,2,327.0601694,7.158731589
6,10,10,2,269.5281128,5.924742535
7,10,10,2,265.3859874,5.48626247
8,10,10,2,260.8240268,5.360263154
9,10,10,2,258.1575925,5.548301359
10,10,10,2,278.4043605,5.904785281
11,10,10,2,260.1882105,5.560647177
12,10,10,2,255.6602827,5.24881711
1,10,10,3,400.1242373,5.605685969
2,10,10,3,386.2132919,6.059446591
3,10,10,3,472.4916661,6.897068008
4,10,10,3,480.6821051,7.350781312
5,10,10,3,490.5902541,7.158731589
6,10,10,3,404.2921692,5.924742535
7,10,10,3,398.078981,5.48626247
8,10,10,3,391.2360402,5.360263154
9,10,10,3,387.2363887,5.548301359
10,10,10,3,417.6065407,5.904785281
11,10,10,3,390.2823158,5.560647177
12,10,10,3,383.490424,5.24881711
1,10,12,1,130.382413,5.605685969
2,10,12,1,125.8496202,6.059446591
3,10,12,1,153.9645183,6.897068008
4,10,12,1,156.6350517,7.350781312
5,10,12,1,159.8619962,7.158731589
6,10,12,1,131.7355365,5.924742535
7,10,12,1,129.7097335,5.48626247
8,10,12,1,127.4812032,5.360263154
9,10,12,1,126.17867,5.548301359
10,10,12,1,136.0781469,5.904785281
11,10,12,1,127.174059,5.560647177
12,10,12,1,124.96111,5.24881711
1,10,12,2,260.7648259,5.605685969
2,10,12,2,251.6992404,6.059446591
3,10,12,2,307.9290366,6.897068008
4,10,12,2,313.2701034,7.350781312
5,10,12,2,319.7239924,7.158731589
6,10,12,2,263.4710729,5.924742535
7,10,12,2,259.4194669,5.48626247
8,10,12,2,254.9624064,5.360263154
9,10,12,2,252.3573401,5.548301359
10,10,12,2,272.1562938,5.904785281
11,10,12,2,254.348118,5.560647177
12,10,12,2,249.9222201,5.24881711
1,10,12,3,391.1472389,5.605685969
2,10,12,3,377.5488607,6.059446591
3,10,12,3,461.893555,6.897068008
4,10,12,3,469.905155,7.350781312
5,10,12,3,479.5859886,7.158731589
6,10,12,3,395.2066094,5.924742535
7,10,12,3,389.1292004,5.48626247
8,10,12,3,382.4436096,5.360263154
9,10,12,3,378.5360101,5.548301359
10,10,12,3,408.2344407,5.904785281
11,10,12,3,381.5221771,5.560647177
12,10,12,3,374.8833301,5.24881711
1,10,14,1,127.3900802,5.605685969
2,10,14,1,122.9614765,6.059446591
3,10,14,1,150.4318146,6.897068008
4,10,14,1,153.042735,7.350781312
5,10,14,1,156.1939077,7.158731589
6,10,14,1,128.7072938,5.924742535
7,10,14,1,126.7264732,5.48626247
8,10,14,1,124.550393,5.360263154
9,10,14,1,123.2785438,5.548301359
10,10,14,1,132.9541136,5.904785281
11,10,14,1,124.2540128,5.560647177
12,10,14,1,122.0920787,5.24881711
1,10,14,2,254.7801603,5.605685969
2,10,14,2,245.922953,6.059446591
3,10,14,2,300.8636292,6.897068008
4,10,14,2,306.08547,7.350781312
5,10,14,2,312.3878153,7.158731589
6,10,14,2,257.4145877,5.924742535
7,10,14,2,253.4529465,5.48626247
8,10,14,2,249.100786,5.360263154
9,10,14,2,246.5570877,5.548301359
10,10,14,2,265.9082271,5.904785281
11,10,14,2,248.5080256,5.560647177
12,10,14,2,244.1841575,5.24881711
1,10,14,3,382.1702405,5.605685969
2,10,14,3,368.8844294,6.059446591
3,10,14,3,451.2954438,6.897068008
4,10,14,3,459.128205,7.350781312
5,10,14,3,468.581723,7.158731589
6,10,14,3,386.1218815,5.924742535
7,10,14,3,380.1794197,5.48626247
8,10,14,3,373.651179,5.360263154
9,10,14,3,369.8356315,5.548301359
10,10,14,3,398.8623407,5.904785281
11,10,14,3,372.7620383,5.560647177
12,10,14,3,366.2762362,5.24881711
1,10,16,1,124.3977473,5.605685969
2,10,16,1,120.073383,6.059446591
3,10,16,1,146.8991109,6.897068008
4,10,16,1,149.4504183,7.350781312
5,10,16,1,152.5261118,7.158731589
6,10,16,1,125.6792693,5.924742535
7,10,16,1,123.7433792,5.48626247
8,10,16,1,121.6195828,5.360263154
9,10,16,1,120.3784177,5.548301359
10,10,16,1,129.8300802,5.904785281
11,10,16,1,121.3339665,5.560647177
12,10,16,1,119.2230474,5.24881711
1,10,16,2,248.7954947,5.605685969
2,10,16,2,240.1467661,6.059446591
3,10,16,2,293.7982218,6.897068008
4,10,16,2,298.9008366,7.350781312
5,10,16,2,305.0522237,7.158731589
6,10,16,2,251.3585386,5.924742535
7,10,16,2,247.4867583,5.48626247
8,10,16,2,243.2391656,5.360263154
9,10,16,2,240.7568353,5.548301359
10,10,16,2,259.6601605,5.904785281
11,10,16,2,242.6679331,5.560647177
12,10,16,2,238.4460949,5.24881711
1,10,16,3,373.193242,5.605685969
2,10,16,3,360.2201491,6.059446591
3,10,16,3,440.6973326,6.897068008
4,10,16,3,448.3512549,7.350781312
5,10,16,3,457.5783355,7.158731589
6,10,16,3,377.0378078,5.924742535
7,10,16,3,371.2301375,5.48626247
8,10,16,3,364.8587484,5.360263154
9,10,16,3,361.135253,5.548301359
10,10,16,3,389.4902407,5.904785281
11,10,16,3,364.0018996,5.560647177
12,10,16,3,357.6691423,5.24881711
1,10,18,1,121.4054145,5.605685969
2,10,18,1,117.1853325,6.059446591
3,10,18,1,143.3664072,6.897068008
4,10,18,1,145.8581016,7.350781312
5,10,18,1,148.8583938,7.158731589
6,10,18,1,122.651328,5.924742535
7,10,18,1,120.7603981,5.48626247
8,10,18,1,118.6887726,5.360263154
9,10,18,1,117.4782915,5.548301359
10,10,18,1,126.7061225,5.904785281
11,10,18,1,118.4139203,5.560647177
12,10,18,1,116.3540177,5.24881711
1,10,18,2,242.8108291,5.605685969
2,10,18,2,234.3706649,6.059446591
3,10,18,2,286.7328143,6.897068008
4,10,18,2,291.7162032,7.350781312
5,10,18,2,297.7167877,7.158731589
6,10,18,2,245.3026561,5.924742535
7,10,18,2,241.5207962,5.48626247
8,10,18,2,237.3775452,5.360263154
9,10,18,2,234.9565829,5.548301359
10,10,18,2,253.4122451,5.904785281
11,10,18,2,236.8278406,5.560647177
12,10,18,2,232.7080355,5.24881711
1,10,18,3,364.2162436,5.605685969
2,10,18,3,351.5559974,6.059446591
3,10,18,3,430.0992215,6.897068008
4,10,18,3,437.5743049,7.350781312
5,10,18,3,446.5751815,7.158731589
6,10,18,3,367.9539841,5.924742535
7,10,18,3,362.2811943,5.48626247
8,10,18,3,356.0663179,5.360263154
9,10,18,3,352.4348744,5.548301359
10,10,18,3,380.1183676,5.904785281
11,10,18,3,355.2417609,5.560647177
12,10,18,3,349.0620532,5.24881711
1,15,8,1,143.5630508,5.909868089
2,15,8,1,136.4832835,6.291763307
3,15,8,1,163.6893519,7.019221555
4,15,8,1,163.3120702,7.332269724
5,15,8,1,164.2982701,7.036781051
6,15,8,1,135.0170048,5.803166651
7,15,8,1,133.4304079,5.392150846
8,15,8,1,132.2681216,5.314003881
9,15,8,1,132.8260418,5.582813045
10,15,8,1,146.1899965,6.072510505
11,15,8,1,139.1827853,5.825238295
12,15,8,1,138.1901009,5.553074011
1,15,8,2,287.1261015,5.909868089
2,15,8,2,272.966567,6.291763307
3,15,8,2,327.3787038,7.019221555
4,15,8,2,326.6241403,7.332269724
5,15,8,2,328.5965403,7.036781051
6,15,8,2,270.0340096,5.803166651
7,15,8,2,266.8608157,5.392150846
8,15,8,2,264.5362432,5.314003881
9,15,8,2,265.6520837,5.582813045
10,15,8,2,292.3799929,6.072510505
11,15,8,2,278.3655706,5.825238295
12,15,8,2,276.3802018,5.553074011
1,15,8,3,430.6891523,5.909868089
2,15,8,3,409.4498505,6.291763307
3,15,8,3,491.0680557,7.019221555
4,15,8,3,489.9362105,7.332269724
5,15,8,3,492.8948104,7.036781051
6,15,8,3,405.0510145,5.803166651
7,15,8,3,400.2912236,5.392150846
8,15,8,3,396.8043647,5.314003881
9,15,8,3,398.4781255,5.582813045
10,15,8,3,438.5699894,6.072510505
11,15,8,3,417.5483559,5.825238295
12,15,8,3,414.5703026,5.553074011
1,15,10,1,140.4141976,5.909868089
2,15,10,1,133.4895446,6.291763307
3,15,10,1,160.0988346,7.019221555
4,15,10,1,159.7307886,7.332269724
5,15,10,1,160.693223,7.036781051
6,15,10,1,132.0487341,5.803166651
7,15,10,1,130.4959704,5.392150846
8,15,10,1,129.3606745,5.314003881
9,15,10,1,129.9075,5.582813045
10,15,10,1,142.9819678,6.072510505
11,15,10,1,136.1286383,5.825238295
12,15,10,1,135.1582233,5.553074011
1,15,10,2,280.8283952,5.909868089
2,15,10,2,266.9790893,6.291763307
3,15,10,2,320.1976691,7.019221555
4,15,10,2,319.4615772,7.332269724
5,15,10,2,321.386446,7.036781051
6,15,10,2,264.0974681,5.803166651
7,15,10,2,260.9919408,5.392150846
8,15,10,2,258.7213489,5.314003881
9,15,10,2,259.815,5.582813045
10,15,10,2,285.9639357,6.072510505
11,15,10,2,272.2572766,5.825238295
12,15,10,2,270.3164466,5.553074011
1,15,10,3,421.2425929,5.909868089
2,15,10,3,400.4686339,6.291763307
3,15,10,3,480.2965037,7.019221555
4,15,10,3,479.1923657,7.332269724
5,15,10,3,482.0796689,7.036781051
6,15,10,3,396.1462022,5.803166651
7,15,10,3,391.4879111,5.392150846
8,15,10,3,388.0820234,5.314003881
9,15,10,3,389.7225,5.582813045
10,15,10,3,428.9459035,6.072510505
11,15,10,3,408.385915,5.825238295
12,15,10,3,405.4746699,5.553074011
1,15,12,1,137.2653445,5.909868089
2,15,12,1,130.4958058,6.291763307
3,15,12,1,156.5083172,7.019221555
4,15,12,1,156.149507,7.332269724
5,15,12,1,157.0881758,7.036781051
6,15,12,1,129.0807126,5.803166651
7,15,12,1,127.5615329,5.392150846
8,15,12,1,126.4532274,5.314003881
9,15,12,1,126.9889582,5.582813045
10,15,12,1,139.7739392,6.072510505
11,15,12,1,133.0744913,5.825238295
12,15,12,1,132.1263457,5.553074011
1,15,12,2,274.5306889,5.909868089
2,15,12,2,260.9916115,6.291763307
3,15,12,2,313.0166345,7.019221555
4,15,12,2,312.299014,7.332269724
5,15,12,2,314.1763517,7.036781051
6,15,12,2,258.1614252,5.803166651
7,15,12,2,255.1230658,5.392150846
8,15,12,2,252.9064547,5.314003881
9,15,12,2,253.9779164,5.582813045
10,15,12,2,279.5478785,6.072510505
11,15,12,2,266.1489827,5.825238295
12,15,12,2,264.2526915,5.553074011
1,15,12,3,411.7960334,5.909868089
2,15,12,3,391.4874173,6.291763307
3,15,12,3,469.5249517,7.019221555
4,15,12,3,468.448521,7.332269724
5,15,12,3,471.2645275,7.036781051
6,15,12,3,387.2421378,5.803166651
7,15,12,3,382.6845987,5.392150846
8,15,12,3,379.3596821,5.314003881
9,15,12,3,380.9668745,5.582813045
10,15,12,3,419.3218177,6.072510505
11,15,12,3,399.223474,5.825238295
12,15,12,3,396.3790372,5.553074011
1,15,14,1,134.1164913,5.909868089
2,15,14,1,127.5020669,6.291763307
3,15,14,1,152.9177999,7.019221555
4,15,14,1,152.5682254,7.332269724
5,15,14,1,153.4832529,7.036781051
6,15,14,1,126.1129795,5.803166651
7,15,14,1,124.6271543,5.392150846
8,15,14,1,123.5457803,5.314003881
9,15,14,1,124.0704163,5.582813045
10,15,14,1,136.5659106,6.072510505
11,15,14,1,130.0203444,5.825238295
12,15,14,1,129.0944682,5.553074011
1,15,14,2,268.2329826,5.909868089
2,15,14,2,255.0041338,6.291763307
3,15,14,2,305.8355998,7.019221555
4,15,14,2,305.1364508,7.332269724
5,15,14,2,306.9665058,7.036781051
6,15,14,2,252.2259589,5.803166651
7,15,14,2,249.2543085,5.392150846
8,15,14,2,247.0915605,5.314003881
9,15,14,2,248.1408327,5.582813045
10,15,14,2,273.1318212,6.072510505
11,15,14,2,260.0406887,5.825238295
12,15,14,2,258.1889364,5.553074011
1,15,14,3,402.3494739,5.909868089
2,15,14,3,382.5062007,6.291763307
3,15,14,3,458.7533997,7.019221555
4,15,14,3,457.7046763,7.332269724
5,15,14,3,460.4497587,7.036781051
6,15,14,3,378.3389384,5.803166651
7,15,14,3,373.8814628,5.392150846
8,15,14,3,370.6373408,5.314003881
9,15,14,3,372.211249,5.582813045
10,15,14,3,409.6977319,6.072510505
11,15,14,3,390.0610331,5.825238295
12,15,14,3,387.2834045,5.553074011
1,15,16,1,130.9676382,5.909868089
2,15,16,1,124.508328,6.291763307
3,15,16,1,149.3272826,7.019221555
4,15,16,1,148.9869438,7.332269724
5,15,16,1,149.8785716,7.036781051
6,15,16,1,123.1453329,5.803166651
7,15,16,1,121.6929919,5.392150846
8,15,16,1,120.6383332,5.314003881
9,15,16,1,121.1518745,5.582813045
10,15,16,1,133.3578956,6.072510505
11,15,16,1,126.9661974,5.825238295
12,15,16,1,126.0625906,5.553074011
1,15,16,2,261.9352763,5.909868089
2,15,16,2,249.016656,6.291763307
3,15,16,2,298.6545651,7.019221555
4,15,16,2,297.9738877,7.332269724
5,15,16,2,299.7571432,7.036781051
6,15,16,2,246.2906658,5.803166651
7,15,16,2,243.3859839,5.392150846
8,15,16,2,241.2766663,5.314003881
9,15,16,2,242.303749,5.582813045
10,15,16,2,266.7157913,6.072510505
11,15,16,2,253.9323948,5.825238295
12,15,16,2,252.1251812,5.553074011
1,15,16,3,392.9029145,5.909868089
2,15,16,3,373.5249841,6.291763307
3,15,16,3,447.9818477,7.019221555
4,15,16,3,446.9608315,7.332269724
5,15,16,3,449.6357147,7.036781051
6,15,16,3,369.4359987,5.803166651
7,15,16,3,365.0789758,5.392150846
8,15,16,3,361.9149995,5.314003881
9,15,16,3,363.4556235,5.582813045
10,15,16,3,400.0736869,6.072510505
11,15,16,3,380.8985922,5.825238295
12,15,16,3,378.1877718,5.553074011
1,15,18,1,127.818785,5.909868089
2,15,18,1,121.5146373,6.291763307
3,15,18,1,145.7367652,7.019221555
4,15,18,1,145.4056623,7.332269724
5,15,18,1,146.2738902,7.036781051
6,15,18,1,120.1777792,5.803166651
7,15,18,1,118.7588296,5.392150846
8,15,18,1,117.7308861,5.314003881
9,15,18,1,118.2333327,5.582813045
10,15,18,1,130.1499611,6.072510505
11,15,18,1,123.9120504,5.825238295
12,15,18,1,123.0307131,5.553074011
1,15,18,2,255.63757,5.909868089
2,15,18,2,243.0292746,6.291763307
3,15,18,2,291.4735305,7.019221555
4,15,18,2,290.8113245,7.332269724
5,15,18,2,292.5477805,7.036781051
6,15,18,2,240.3555584,5.803166651
7,15,18,2,237.5176592,5.392150846
8,15,18,2,235.4617721,5.314003881
9,15,18,2,236.4666654,5.582813045
10,15,18,2,260.2999222,6.072510505
11,15,18,2,247.8241008,5.825238295
12,15,18,2,246.0614261,5.553074011
1,15,18,3,383.456355,5.909868089
2,15,18,3,364.5439119,6.291763307
3,15,18,3,437.2102957,7.019221555
4,15,18,3,436.2169868,7.332269724
5,15,18,3,438.8216707,7.036781051
6,15,18,3,360.5333377,5.803166651
7,15,18,3,356.2764889,5.392150846
8,15,18,3,353.1926582,5.314003881
9,15,18,3,354.699998,5.582813045
10,15,18,3,390.4498832,6.072510505
11,15,18,3,371.7361512,5.825238295
12,15,18,3,369.0921392,5.553074011
1,20,8,1,149.7410735,6.176155106
2,20,8,1,140.4613816,6.483724046
3,20,8,1,165.3683875,7.096843411
4,20,8,1,161.8359128,7.267334955
5,20,8,1,160.4097371,6.871230222
6,20,8,1,131.4801414,5.64951381
7,20,8,1,130.4594999,5.269883099
8,20,8,1,130.460599,5.239186925
9,20,8,1,132.9113163,5.585160563
10,20,8,1,149.16489,6.202650299
11,20,8,1,144.4602678,6.053024454
12,20,8,1,144.7068359,5.8220611
1,20,8,2,299.482147,6.176155106
2,20,8,2,280.9227633,6.483724046
3,20,8,2,330.7367749,7.096843411
4,20,8,2,323.6718256,7.267334955
5,20,8,2,320.8194741,6.871230222
6,20,8,2,262.9602827,5.64951381
7,20,8,2,260.9189999,5.269883099
8,20,8,2,260.921198,5.239186925
9,20,8,2,265.8226325,5.585160563
10,20,8,2,298.3297799,6.202650299
11,20,8,2,288.9205357,6.053024454
12,20,8,2,289.4136717,5.8220611
1,20,8,3,449.2232205,6.176155106
2,20,8,3,421.3841449,6.483724046
3,20,8,3,496.1051624,7.096843411
4,20,8,3,485.5077385,7.267334955
5,20,8,3,481.2292112,6.871230222
6,20,8,3,394.4404241,5.64951381
7,20,8,3,391.3784998,5.269883099
8,20,8,3,391.381797,5.239186925
9,20,8,3,398.7339488,5.585160563
10,20,8,3,447.4946699,6.202650299
11,20,8,3,433.3808035,6.053024454
12,20,8,3,434.1205076,5.8220611
1,20,10,1,146.4579155,6.176155106
2,20,10,1,137.3811624,6.483724046
3,20,10,1,161.7413694,7.096843411
4,20,10,1,158.2867216,7.267334955
5,20,10,1,156.8892232,6.871230222
6,20,10,1,128.5889575,5.64951381
7,20,10,1,127.5896474,5.269883099
8,20,10,1,127.5924459,5.239186925
9,20,10,1,129.9909206,5.585160563
10,20,10,1,145.8921897,6.202650299
11,20,10,1,141.291393,6.053024454
12,20,10,1,141.5332901,5.8220611
1,20,10,2,292.915831,6.176155106
2,20,10,2,274.7623247,6.483724046
3,20,10,2,323.4827387,7.096843411
4,20,10,2,316.5734432,7.267334955
5,20,10,2,313.7784465,6.871230222
6,20,10,2,257.1779149,5.64951381
7,20,10,2,255.1792948,5.269883099
8,20,10,2,255.1848918,5.239186925
9,20,10,2,259.9818413,5.585160563
10,20,10,2,291.7843795,6.202650299
11,20,10,2,282.5827859,6.053024454
12,20,10,2,283.0665803,5.8220611
1,20,10,3,439.3737466,6.176155106
2,20,10,3,412.1434871,6.483724046
3,20,10,3,485.2241081,7.096843411
4,20,10,3,474.8601648,7.267334955
5,20,10,3,470.6676697,6.871230222
6,20,10,3,385.7668724,5.64951381
7,20,10,3,382.7689423,5.269883099
8,20,10,3,382.7773376,5.239186925
9,20,10,3,389.9727619,5.585160563
10,20,10,3,437.6765692,6.202650299
11,20,10,3,423.8741789,6.053024454
12,20,10,3,424.5998704,5.8220611
1,20,12,1,143.1747575,6.176155106
2,20,12,1,134.3009431,6.483724046
3,20,12,1,158.1143513,7.096843411
4,20,12,1,154.7375304,7.267334955
5,20,12,1,153.3687316,6.871230222
6,20,12,1,125.6980394,5.64951381
7,20,12,1,124.7198105,5.269883099
8,20,12,1,124.7242927,5.239186925
9,20,12,1,127.070525,5.585160563
10,20,12,1,142.6194895,6.202650299
11,20,12,1,138.1225181,6.053024454
12,20,12,1,138.3597444,5.8220611
1,20,12,2,286.349515,6.176155106
2,20,12,2,268.6018862,6.483724046
3,20,12,2,316.2287025,7.096843411
4,20,12,2,309.4750608,7.267334955
5,20,12,2,306.7374632,6.871230222
6,20,12,2,251.3960787,5.64951381
7,20,12,2,249.4396211,5.269883099
8,20,12,2,249.4485855,5.239186925
9,20,12,2,254.14105,5.585160563
10,20,12,2,285.2389791,6.202650299
11,20,12,2,276.2450362,6.053024454
12,20,12,2,276.7194888,5.8220611
1,20,12,3,429.5242726,6.176155106
2,20,12,3,402.9028293,6.483724046
3,20,12,3,474.3430538,7.096843411
4,20,12,3,464.2125912,7.267334955
5,20,12,3,460.1061948,6.871230222
6,20,12,3,377.0941181,5.64951381
7,20,12,3,374.1594316,5.269883099
8,20,12,3,374.1728782,5.239186925
9,20,12,3,381.2115751,5.585160563
10,20,12,3,427.8584686,6.202650299
11,20,12,3,414.3675543,6.053024454
12,20,12,3,415.0792333,5.8220611
1,20,14,1,139.8915995,6.176155106
2,20,14,1,131.2207238,6.483724046
3,20,14,1,154.4873331,7.096843411
4,20,14,1,151.1883392,7.267334955
5,20,14,1,149.8485676,6.871230222
6,20,14,1,122.8072381,5.64951381
7,20,14,1,121.8502138,5.269883099
8,20,14,1,121.8561396,5.239186925
9,20,14,1,124.1501294,5.585160563
10,20,14,1,139.3467893,6.202650299
11,20,14,1,134.9536433,6.053024454
12,20,14,1,135.1861987,5.8220611
1,20,14,2,279.7831991,6.176155106
2,20,14,2,262.4414477,6.483724046
3,20,14,2,308.9746663,7.096843411
4,20,14,2,302.3766784,7.267334955
5,20,14,2,299.6971352,6.871230222
6,20,14,2,245.6144762,5.64951381
7,20,14,2,243.7004276,5.269883099
8,20,14,2,243.7122792,5.239186925
9,20,14,2,248.3002588,5.585160563
10,20,14,2,278.6935786,6.202650299
11,20,14,2,269.9072865,6.053024454
12,20,14,2,270.3723974,5.8220611
1,20,14,3,419.6747986,6.176155106
2,20,14,3,393.6621715,6.483724046
3,20,14,3,463.4619994,7.096843411
4,20,14,3,453.5650176,7.267334955
5,20,14,3,449.5457028,6.871230222
6,20,14,3,368.4217143,5.64951381
7,20,14,3,365.5506414,5.269883099
8,20,14,3,365.5684188,5.239186925
9,20,14,3,372.4503882,5.585160563
10,20,14,3,418.040368,6.202650299
11,20,14,3,404.8609298,6.053024454
12,20,14,3,405.5585961,5.8220611
1,20,16,1,136.6084415,6.176155106
2,20,16,1,128.1405046,6.483724046
3,20,16,1,150.860315,7.096843411
4,20,16,1,147.639148,7.267334955
5,20,16,1,146.3284138,6.871230222
6,20,16,1,119.9165299,5.64951381
7,20,16,1,118.9806315,5.269883099
8,20,16,1,118.9879865,5.239186925
9,20,16,1,121.2297338,5.585160563
10,20,16,1,136.0741494,6.202650299
11,20,16,1,131.7847684,6.053024454
12,20,16,1,132.012653,5.8220611
1,20,16,2,273.2168831,6.176155106
2,20,16,2,256.2810092,6.483724046
3,20,16,2,301.7206301,7.096843411
4,20,16,2,295.278296,7.267334955
5,20,16,2,292.6568277,6.871230222
6,20,16,2,239.8330597,5.64951381
7,20,16,2,237.9612629,5.269883099
8,20,16,2,237.9759729,5.239186925
9,20,16,2,242.4594675,5.585160563
10,20,16,2,272.1482989,6.202650299
11,20,16,2,263.5695368,6.053024454
12,20,16,2,264.025306,5.8220611
1,20,16,3,409.8253246,6.176155106
2,20,16,3,384.4215137,6.483724046
3,20,16,3,452.5809451,7.096843411
4,20,16,3,442.917444,7.267334955
5,20,16,3,438.9852415,6.871230222
6,20,16,3,359.7495896,5.64951381
7,20,16,3,356.9418944,5.269883099
8,20,16,3,356.9639594,5.239186925
9,20,16,3,363.6892013,5.585160563
10,20,16,3,408.2224483,6.202650299
11,20,16,3,395.3543052,6.053024454
12,20,16,3,396.037959,5.8220611
1,20,18,1,133.3252835,6.176155106
2,20,18,1,125.0602853,6.483724046
3,20,18,1,147.2332969,7.096843411
4,20,18,1,144.0899568,7.267334955
5,20,18,1,142.8082601,6.871230222
6,20,18,1,117.025933,5.64951381
7,20,18,1,116.1110492,5.269883099
8,20,18,1,116.1198333,5.239186925
9,20,18,1,118.3093381,5.585160563
10,20,18,1,132.8015422,6.202650299
11,20,18,1,128.6158935,6.053024454
12,20,18,1,128.8391073,5.8220611
1,20,18,2,266.6505671,6.176155106
2,20,18,2,250.1205706,6.483724046
3,20,18,2,294.4665939,7.096843411
4,20,18,2,288.1799136,7.267334955
5,20,18,2,285.6165201,6.871230222
6,20,18,2,234.0518659,5.64951381
7,20,18,2,232.2220983,5.269883099
8,20,18,2,232.2396667,5.239186925
9,20,18,2,236.6186763,5.585160563
10,20,18,2,265.6030843,6.202650299
11,20,18,2,257.2317871,6.053024454
12,20,18,2,257.6782145,5.8220611
1,20,18,3,399.9758506,6.176155106
2,20,18,3,375.180856,6.483724046
3,20,18,3,441.6998908,7.096843411
4,20,18,3,432.2698704,7.267334955
5,20,18,3,428.4247802,6.871230222
6,20,18,3,351.0777989,5.64951381
7,20,18,3,348.3331475,5.269883099
8,20,18,3,348.3595,5.239186925
9,20,18,3,354.9280144,5.585160563
10,20,18,3,398.4046265,6.202650299
11,20,18,3,385.8476806,6.053024454
12,20,18,3,386.5173218,5.8220611
1,25,8,1,154.9555063,6.402520415
2,25,8,1,143.5624183,6.633867869
3,25,8,1,166.0695139,7.129342825
4,25,8,1,159.4071872,7.156466998
5,25,8,1,155.5693372,6.663300746
6,25,8,1,127.2179425,5.464951216
7,25,8,1,126.7954096,5.120386864
8,25,8,1,127.9410137,5.136380836
9,25,8,1,132.2418864,5.555326049
10,25,8,1,151.2544412,6.294214221
11,25,8,1,148.8006349,6.242272063
12,25,8,1,150.2572377,6.053731223
1,25,8,2,309.9110126,6.402520415
2,25,8,2,287.1248366,6.633867869
3,25,8,2,332.1390278,7.129342825
4,25,8,2,318.8143743,7.156466998
5,25,8,2,311.1386744,6.663300746
6,25,8,2,254.435885,5.464951216
7,25,8,2,253.5908192,5.120386864
8,25,8,2,255.8820274,5.136380836
9,25,8,2,264.4837727,5.555326049
10,25,8,2,302.5088824,6.294214221
11,25,8,2,297.6012697,6.242272063
12,25,8,2,300.5144755,6.053731223
1,25,8,3,464.8665188,6.402520415
2,25,8,3,430.6872549,6.633867869
3,25,8,3,498.2085418,7.129342825
4,25,8,3,478.2215615,7.156466998
5,25,8,3,466.7080116,6.663300746
6,25,8,3,381.6538275,5.464951216
7,25,8,3,380.3862289,5.120386864
8,25,8,3,383.8230411,5.136380836
9,25,8,3,396.7256591,5.555326049
10,25,8,3,453.7633236,6.294214221
11,25,8,3,446.4019046,6.242272063
12,25,8,3,450.7717132,6.053731223
1,25,10,1,151.5589049,6.402520415
2,25,10,1,140.4272039,6.633867869
3,25,10,1,162.4272539,7.129342825
4,25,10,1,155.9107943,7.156466998
5,25,10,1,152.1540664,6.663300746
6,25,10,1,124.4196592,5.464951216
7,25,10,1,124.0052243,5.120386864
8,25,10,1,125.1276342,5.136380836
9,25,10,1,129.3360436,5.555326049
10,25,10,1,147.936316,6.294214221
11,25,10,1,145.5374042,6.242272063
12,25,10,1,146.9629546,6.053731223
1,25,10,2,303.1178098,6.402520415
2,25,10,2,280.8544077,6.633867869
3,25,10,2,324.8545079,7.129342825
4,25,10,2,311.8215887,7.156466998
5,25,10,2,304.3081327,6.663300746
6,25,10,2,248.8393184,5.464951216
7,25,10,2,248.0104487,5.120386864
8,25,10,2,250.2552683,5.136380836
9,25,10,2,258.6720871,5.555326049
10,25,10,2,295.8726319,6.294214221
11,25,10,2,291.0748084,6.242272063
12,25,10,2,293.9259092,6.053731223
1,25,10,3,454.6767146,6.402520415
2,25,10,3,421.2816116,6.633867869
3,25,10,3,487.2817618,7.129342825
4,25,10,3,467.732383,7.156466998
5,25,10,3,456.4621991,6.663300746
6,25,10,3,373.2589776,5.464951216
7,25,10,3,372.015673,5.120386864
8,25,10,3,375.3829025,5.136380836
9,25,10,3,388.0081307,5.555326049
10,25,10,3,443.8089479,6.294214221
11,25,10,3,436.6122126,6.242272063
12,25,10,3,440.8888638,6.053731223
1,25,12,1,148.1623697,6.402520415
2,25,12,1,137.2792948,6.633867869
3,25,12,1,158.784994,7.129342825
4,25,12,1,152.4144015,7.156466998
5,25,12,1,148.7390794,6.663300746
6,25,12,1,121.6214901,5.464951216
7,25,12,1,121.2152706,5.120386864
8,25,12,1,122.3142546,5.136380836
9,25,12,1,126.4302008,5.555326049
10,25,12,1,144.6181907,6.294214221
11,25,12,1,142.2741735,6.242272063
12,25,12,1,143.6687497,6.053731223
1,25,12,2,296.3247394,6.402520415
2,25,12,2,274.5585896,6.633867869
3,25,12,2,317.5699879,7.129342825
4,25,12,2,304.828803,7.156466998
5,25,12,2,297.4781587,6.663300746
6,25,12,2,243.2429803,5.464951216
7,25,12,2,242.4305411,5.120386864
8,25,12,2,244.6285093,5.136380836
9,25,12,2,252.8604015,5.555326049
10,25,12,2,289.2363815,6.294214221
11,25,12,2,284.5483471,6.242272063
12,25,12,2,287.3374994,6.053731223
1,25,12,3,444.4871091,6.402520415
2,25,12,3,411.8378843,6.633867869
3,25,12,3,476.3549819,7.129342825
4,25,12,3,457.2432046,7.156466998
5,25,12,3,446.2172381,6.663300746
6,25,12,3,364.8644704,5.464951216
7,25,12,3,363.6458117,5.120386864
8,25,12,3,366.9427639,5.136380836
9,25,12,3,379.2906023,5.555326049
10,25,12,3,433.8545722,6.294214221
11,25,12,3,426.8225206,6.242272063
12,25,12,3,431.006249,6.053731223
1,25,14,1,144.7658569,6.402520415
2,25,14,1,134.1313857,6.633867869
3,25,14,1,155.142734,7.129342825
4,25,14,1,148.9180087,7.156466998
5,25,14,1,145.3241447,6.663300746
6,25,14,1,118.8234225,5.464951216
7,25,14,1,118.4253366,5.120386864
8,25,14,1,119.5008751,5.136380836
9,25,14,1,123.524358,5.555326049
10,25,14,1,141.3000943,6.294214221
11,25,14,1,139.0109429,6.242272063
12,25,14,1,140.3745447,6.053731223
1,25,14,2,289.5317138,6.402520415
2,25,14,2,268.2627714,6.633867869
3,25,14,2,310.2854679,7.129342825
4,25,14,2,297.8360174,7.156466998
5,25,14,2,290.6482895,6.663300746
6,25,14,2,237.6468449,5.464951216
7,25,14,2,236.8506731,5.120386864
8,25,14,2,239.0017502,5.136380836
9,25,14,2,247.0487159,5.555326049
10,25,14,2,282.6001886,6.294214221
11,25,14,2,278.0218857,6.242272063
12,25,14,2,280.7490895,6.053731223
1,25,14,3,434.2975706,6.402520415
2,25,14,3,402.3941571,6.633867869
3,25,14,3,465.4282019,7.129342825
4,25,14,3,446.7540261,7.156466998
5,25,14,3,435.9724342,6.663300746
6,25,14,3,356.4702674,5.464951216
7,25,14,3,355.2760097,5.120386864
8,25,14,3,358.5026253,5.136380836
9,25,14,3,370.5730739,5.555326049
10,25,14,3,423.9002829,6.294214221
11,25,14,3,417.0328286,6.242272063
12,25,14,3,421.1236342,6.053731223
1,25,16,1,141.3693441,6.402520415
2,25,16,1,130.9834766,6.633867869
3,25,16,1,151.500474,7.129342825
4,25,16,1,145.4216159,7.156466998
5,25,16,1,141.9092101,6.663300746
6,25,16,1,116.0254289,5.464951216
7,25,16,1,115.6354025,5.120386864
8,25,16,1,116.6874955,5.136380836
9,25,16,1,120.6185152,5.555326049
10,25,16,1,137.9820606,6.294214221
11,25,16,1,135.7477122,6.242272063
12,25,16,1,137.0803398,6.053731223
1,25,16,2,282.7386881,6.402520415
2,25,16,2,261.9669533,6.633867869
3,25,16,2,303.000948,7.129342825
4,25,16,2,290.8432318,7.156466998
5,25,16,2,283.8184202,6.663300746
6,25,16,2,232.0508578,5.464951216
7,25,16,2,231.2708051,5.120386864
8,25,16,2,233.3749911,5.136380836
9,25,16,2,241.2370303,5.555326049
10,25,16,2,275.9641211,6.294214221
11,25,16,2,271.4954244,6.242272063
12,25,16,2,274.1606796,6.053731223
1,25,16,3,424.1080322,6.402520415
2,25,16,3,392.9504299,6.633867869
3,25,16,3,454.501422,7.129342825
4,25,16,3,436.2648476,7.156466998
5,25,16,3,425.7276303,6.663300746
6,25,16,3,348.0762868,5.464951216
7,25,16,3,346.9062076,5.120386864
8,25,16,3,350.0624866,5.136380836
9,25,16,3,361.8555455,5.555326049
10,25,16,3,413.9461817,6.294214221
11,25,16,3,407.2431366,6.242272063
12,25,16,3,411.2410195,6.053731223
1,25,18,1,137.9728312,6.402520415
2,25,18,1,127.8355676,6.633867869
3,25,18,1,147.858214,7.129342825
4,25,18,1,141.9252231,7.156466998
5,25,18,1,138.4942755,6.663300746
6,25,18,1,113.2275242,5.464951216
7,25,18,1,112.8454685,5.120386864
8,25,18,1,113.874116,5.136380836
9,25,18,1,117.7126724,5.555326049
10,25,18,1,134.6640268,6.294214221
11,25,18,1,132.4844815,6.242272063
12,25,18,1,133.7861349,6.053731223
1,25,18,2,275.9456625,6.402520415
2,25,18,2,255.6711351,6.633867869
3,25,18,2,295.716428,7.129342825
4,25,18,2,283.8504461,7.156466998
5,25,18,2,276.9885509,6.663300746
6,25,18,2,226.4550485,5.464951216
7,25,18,2,225.6909371,5.120386864
8,25,18,2,227.748232,5.136380836
9,25,18,2,235.4253447,5.555326049
10,25,18,2,269.3280537,6.294214221
11,25,18,2,264.9689631,6.242272063
12,25,18,2,267.5722698,6.053731223
1,25,18,3,413.9184937,6.402520415
2,25,18,3,383.5067027,6.633867869
3,25,18,3,443.574642,7.129342825
4,25,18,3,425.7756692,7.156466998
5,25,18,3,415.4828264,6.663300746
6,25,18,3,339.6825727,5.464951216
7,25,18,3,338.5364056,5.120386864
8,25,18,3,341.622348,5.136380836
9,25,18,3,353.1380171,5.555326049
10,25,18,3,403.9920805,6.294214221
11,25,18,3,397.4534446,6.242272063
12,25,18,3,401.3584047,6.053731223
1,30,8,1,159.1793876,6.587241238
2,30,8,1,145.7929968,6.741052092
3,30,8,1,165.7928797,7.116472457
4,30,8,1,156.0403674,7.000509623
5,30,8,1,149.7901377,6.414575092
6,30,8,1,122.2274311,5.250883503
7,30,8,1,122.4542964,4.944799899
8,30,8,1,124.7304378,5.006368029
9,30,8,1,130.8242844,5.493536561
10,30,8,1,152.4613754,6.346505415
11,30,8,1,152.2219701,6.391540835
12,30,8,1,154.8457787,6.246321231
1,30,8,2,318.3587752,6.587241238
2,30,8,2,291.5859936,6.741052092
3,30,8,2,331.5857594,7.116472457
4,30,8,2,312.0807348,7.000509623
5,30,8,2,299.5802754,6.414575092
6,30,8,2,244.4548622,5.250883503
7,30,8,2,244.9085929,4.944799899
8,30,8,2,249.4608755,5.006368029
9,30,8,2,261.6485688,5.493536561
10,30,8,2,304.9227507,6.346505415
11,30,8,2,304.4439402,6.391540835
12,30,8,2,309.6915574,6.246321231
1,30,8,3,477.5381629,6.587241238
2,30,8,3,437.3789904,6.741052092
3,30,8,3,497.3786391,7.116472457
4,30,8,3,468.1211022,7.000509623
5,30,8,3,449.3704132,6.414575092
6,30,8,3,366.6822934,5.250883503
7,30,8,3,367.3628893,4.944799899
8,30,8,3,374.1913133,5.006368029
9,30,8,3,392.4728532,5.493536561
10,30,8,3,457.3841261,6.346505415
11,30,8,3,456.6659103,6.391540835
12,30,8,3,464.5373361,6.246321231
1,30,10,1,155.7136416,6.587241238
2,30,10,1,142.6192987,6.741052092
3,30,10,1,162.1566335,7.116472457
4,30,10,1,152.6171663,7.000509623
5,30,10,1,146.5007818,6.414575092
6,30,10,1,119.5377484,5.250883503
7,30,10,1,119.7587286,4.944799899
8,30,10,1,121.9868533,5.006368029
9,30,10,1,127.949259,5.493536561
10,30,10,1,149.1170124,6.346505415
11,30,10,1,148.8843626,6.391540835
12,30,10,1,151.4628638,6.246321231
1,30,10,2,311.4272831,6.587241238
2,30,10,2,285.2385974,6.741052092
3,30,10,2,324.313267,7.116472457
4,30,10,2,305.2343326,7.000509623
5,30,10,2,293.0015636,6.414575092
6,30,10,2,239.0754969,5.250883503
7,30,10,2,239.5174571,4.944799899
8,30,10,2,243.9737067,5.006368029
9,30,10,2,255.8985181,5.493536561
10,30,10,2,298.2340248,6.346505415
11,30,10,2,297.7687251,6.391540835
12,30,10,2,302.9257277,6.246321231
1,30,10,3,467.1409247,6.587241238
2,30,10,3,427.8578961,6.741052092
3,30,10,3,486.4699005,7.116472457
4,30,10,3,457.8514989,7.000509623
5,30,10,3,439.5023454,6.414575092
6,30,10,3,358.6132453,5.250883503
7,30,10,3,359.2761857,4.944799899
8,30,10,3,365.96056,5.006368029
9,30,10,3,383.8477771,5.493536561
10,30,10,3,447.3510372,6.346505415
11,30,10,3,446.6530877,6.391540835
12,30,10,3,454.3885915,6.246321231
1,30,12,1,152.2246246,6.587241238
2,30,12,1,139.4226764,6.741052092
3,30,12,1,158.5203873,7.116472457
4,30,12,1,149.1939652,7.000509623
5,30,12,1,143.2114746,6.414575092
6,30,12,1,116.8481756,5.250883503
7,30,12,1,117.0631607,4.944799899
8,30,12,1,119.2432689,5.006368029
9,30,12,1,125.0742337,5.493536561
10,30,12,1,145.772663,6.346505415
11,30,12,1,145.5467551,6.391540835
12,30,12,1,148.068518,6.246321231
1,30,12,2,304.4492492,6.587241238
2,30,12,2,278.8453528,6.741052092
3,30,12,2,317.0407746,7.116472457
4,30,12,2,298.3879305,7.000509623
5,30,12,2,286.4229491,6.414575092
6,30,12,2,233.6963513,5.250883503
7,30,12,2,234.1263214,4.944799899
8,30,12,2,238.4865379,5.006368029
9,30,12,2,250.1484673,5.493536561
10,30,12,2,291.5453259,6.346505415
11,30,12,2,291.0935101,6.391540835
12,30,12,2,296.137036,6.246321231
1,30,12,3,456.6738738,6.587241238
2,30,12,3,418.2680293,6.741052092
3,30,12,3,475.5611619,7.116472457
4,30,12,3,447.5818957,7.000509623
5,30,12,3,429.6344237,6.414575092
6,30,12,3,350.5445269,5.250883503
7,30,12,3,351.189482,4.944799899
8,30,12,3,357.7298068,5.006368029
9,30,12,3,375.222701,5.493536561
10,30,12,3,437.3179889,6.346505415
11,30,12,3,436.6402652,6.391540835
12,30,12,3,444.205554,6.246321231
1,30,14,1,148.7356403,6.587241238
2,30,14,1,136.2260541,6.741052092
3,30,14,1,154.8841411,7.116472457
4,30,14,1,145.7707641,7.000509623
5,30,14,1,139.9221673,6.414575092
6,30,14,1,114.1586648,5.250883503
7,30,14,1,114.3675928,4.944799899
8,30,14,1,116.4996845,5.006368029
9,30,14,1,122.1992083,5.493536561
10,30,14,1,142.4283898,6.346505415
11,30,14,1,142.2091475,6.391540835
12,30,14,1,144.6742282,6.246321231
1,30,14,2,297.4712806,6.587241238
2,30,14,2,272.4521083,6.741052092
3,30,14,2,309.7682822,7.116472457
4,30,14,2,291.5415283,7.000509623
5,30,14,2,279.8443346,6.414575092
6,30,14,2,228.3173297,5.250883503
7,30,14,2,228.7351856,4.944799899
8,30,14,2,232.999369,5.006368029
9,30,14,2,244.3984166,5.493536561
10,30,14,2,284.8567796,6.346505415
11,30,14,2,284.4182951,6.391540835
12,30,14,2,289.3484565,6.246321231
1,30,14,3,446.206921,6.587241238
2,30,14,3,408.6781624,6.741052092
3,30,14,3,464.6524234,7.116472457
4,30,14,3,437.3122924,7.000509623
5,30,14,3,419.7665019,6.414575092
6,30,14,3,342.4759945,5.250883503
7,30,14,3,343.1027784,4.944799899
8,30,14,3,349.4990536,5.006368029
9,30,14,3,366.5976249,5.493536561
10,30,14,3,427.2851694,6.346505415
11,30,14,3,426.6274426,6.391540835
12,30,14,3,434.0226847,6.246321231
1,30,16,1,145.2467148,6.587241238
2,30,16,1,133.0294318,6.741052092
3,30,16,1,151.2478949,7.116472457
4,30,16,1,142.3475631,7.000509623
5,30,16,1,136.63286,6.414575092
6,30,16,1,111.4692093,5.250883503
7,30,16,1,111.6720249,4.944799899
8,30,16,1,113.7561001,5.006368029
9,30,16,1,119.3241829,5.493536561
10,30,16,1,139.0841166,6.346505415
11,30,16,1,138.87154,6.391540835
12,30,16,1,141.2800103,6.246321231
1,30,16,2,290.4934296,6.587241238
2,30,16,2,266.0588637,6.741052092
3,30,16,2,302.4957899,7.116472457
4,30,16,2,284.6951261,7.000509623
5,30,16,2,273.2657201,6.414575092
6,30,16,2,222.9384186,5.250883503
7,30,16,2,223.3440499,4.944799899
8,30,16,2,227.5122002,5.006368029
9,30,16,2,238.6483659,5.493536561
10,30,16,2,278.1682333,6.346505415
11,30,16,2,277.74308,6.391540835
12,30,16,2,282.5600206,6.246321231
1,30,16,3,435.7401443,6.587241238
2,30,16,3,399.0882955,6.741052092
3,30,16,3,453.7436848,7.116472457
4,30,16,3,427.0426892,7.000509623
5,30,16,3,409.8985801,6.414575092
6,30,16,3,334.4076279,5.250883503
7,30,16,3,335.0160748,4.944799899
8,30,16,3,341.2683003,5.006368029
9,30,16,3,357.9725488,5.493536561
10,30,16,3,417.2523499,6.346505415
11,30,16,3,416.6146201,6.391540835
12,30,16,3,423.8400309,6.246321231
1,30,18,1,141.7577892,6.587241238
2,30,18,1,129.8328095,6.741052092
3,30,18,1,147.6116487,7.116472457
4,30,18,1,138.924362,7.000509623
5,30,18,1,133.3435528,6.414575092
6,30,18,1,108.7799179,5.250883503
7,30,18,1,108.9767153,4.944799899
8,30,18,1,111.0125157,5.006368029
9,30,18,1,116.4491576,5.493536561
10,30,18,1,135.7398813,6.346505415
11,30,18,1,135.5339325,6.391540835
12,30,18,1,137.8858132,6.246321231
1,30,18,2,283.5155785,6.587241238
2,30,18,2,259.6656191,6.741052092
3,30,18,2,295.2232975,7.116472457
4,30,18,2,277.8487239,7.000509623
5,30,18,2,266.6871056,6.414575092
6,30,18,2,217.5598358,5.250883503
7,30,18,2,217.9534306,4.944799899
8,30,18,2,222.0250314,5.006368029
9,30,18,2,232.8983151,5.493536561
10,30,18,2,271.4797626,6.346505415
11,30,18,2,271.067865,6.391540835
12,30,18,2,275.7716264,6.246321231
1,30,18,3,425.2733677,6.587241238
2,30,18,3,389.4984286,6.741052092
3,30,18,3,442.8349462,7.116472457
4,30,18,3,416.7730859,7.000509623
5,30,18,3,400.0306584,6.414575092
6,30,18,3,326.3397537,5.250883503
7,30,18,3,326.930146,4.944799899
8,30,18,3,333.0375471,5.006368029
9,30,18,3,349.3474727,5.493536561
10,30,18,3,407.2196439,6.346505415
11,30,18,3,406.6017975,6.391540835
12,30,18,3,413.6574397,6.246321231
1,35,8,1,162.4238704,6.728911739
2,35,8,1,147.1532621,6.804460979
3,35,8,1,164.5387543,7.058330259
4,35,8,1,151.7439692,6.800649761
5,35,8,1,143.0855829,6.126946212
6,35,8,1,116.5485619,5.008939855
7,35,8,1,117.4522603,4.744458525
8,35,8,1,120.8389551,4.850137982
9,35,8,1,128.666751,5.400262354
10,35,8,1,152.7821834,6.359125912
11,35,8,1,154.7161016,6.499694742
12,35,8,1,158.4236889,6.398365396
1,35,8,2,324.8477409,6.728911739
2,35,8,2,294.3065242,6.804460979
3,35,8,2,329.0775086,7.058330259
4,35,8,2,303.4879385,6.800649761
5,35,8,2,286.1711659,6.126946212
6,35,8,2,233.0971239,5.008939855
7,35,8,2,234.9045207,4.744458525
8,35,8,2,241.6779102,4.850137982
9,35,8,2,257.3335021,5.400262354
10,35,8,2,305.5643669,6.359125912
11,35,8,2,309.4322031,6.499694742
12,35,8,2,316.8473778,6.398365396
1,35,8,3,487.2716113,6.728911739
2,35,8,3,441.4597862,6.804460979
3,35,8,3,493.6162628,7.058330259
4,35,8,3,455.2319077,6.800649761
5,35,8,3,429.2567488,6.126946212
6,35,8,3,349.6456858,5.008939855
7,35,8,3,352.356781,4.744458525
8,35,8,3,362.5168652,4.850137982
9,35,8,3,386.0002531,5.400262354
10,35,8,3,458.3465503,6.359125912
11,35,8,3,464.1483047,6.499694742
12,35,8,3,475.2710667,6.398365396
1,35,10,1,158.9010851,6.728911739
2,35,10,1,143.9500105,6.804460979
3,35,10,1,160.9297717,7.058330259
4,35,10,1,148.4141681,6.800649761
5,35,10,1,139.9420258,6.126946212
6,35,10,1,113.9824673,5.008939855
7,35,10,1,114.8654324,4.744458525
8,35,10,1,118.1799681,4.850137982
9,35,10,1,125.8386286,5.400262354
10,35,10,1,149.4308611,6.359125912
11,35,10,1,151.3242738,6.499694742
12,35,10,1,155.0109421,6.398365396
1,35,10,2,317.8021701,6.728911739
2,35,10,2,287.9000209,6.804460979
3,35,10,2,321.8595434,7.058330259
4,35,10,2,296.8283362,6.800649761
5,35,10,2,279.8840516,6.126946212
6,35,10,2,227.9649346,5.008939855
7,35,10,2,229.7308647,4.744458525
8,35,10,2,236.3599362,4.850137982
9,35,10,2,251.6772571,5.400262354
10,35,10,2,298.8617221,6.359125912
11,35,10,2,302.6485476,6.499694742
12,35,10,2,310.0218842,6.398365396
1,35,10,3,476.7032552,6.728911739
2,35,10,3,431.8500314,6.804460979
3,35,10,3,482.789315,7.058330259
4,35,10,3,445.2425043,6.800649761
5,35,10,3,419.8260774,6.126946212
6,35,10,3,341.9474019,5.008939855
7,35,10,3,344.5962971,4.744458525
8,35,10,3,354.5399043,4.850137982
9,35,10,3,377.5158857,5.400262354
10,35,10,3,448.2925832,6.359125912
11,35,10,3,453.9728214,6.499694742
12,35,10,3,465.0328262,6.398365396
1,35,12,1,155.3495321,6.728911739
2,35,12,1,140.7238168,6.804460979
3,35,12,1,157.3207891,7.058330259
4,35,12,1,145.084367,6.800649761
5,35,12,1,136.7984687,6.126946212
6,35,12,1,111.4164058,5.008939855
7,35,12,1,112.2786044,4.744458525
8,35,12,1,115.5209811,4.850137982
9,35,12,1,123.0105061,5.400262354
10,35,12,1,146.0796118,6.359125912
11,35,12,1,147.932446,6.499694742
12,35,12,1,151.5431878,6.398365396
1,35,12,2,310.6990641,6.728911739
2,35,12,2,281.4476336,6.804460979
3,35,12,2,314.6415782,7.058330259
4,35,12,2,290.168734,6.800649761
5,35,12,2,273.5969374,6.126946212
6,35,12,2,222.8328117,5.008939855
7,35,12,2,224.5572088,4.744458525
8,35,12,2,231.0419623,4.850137982
9,35,12,2,246.0210122,5.400262354
10,35,12,2,292.1592236,6.359125912
11,35,12,2,295.8648921,6.499694742
12,35,12,2,303.0863755,6.398365396
1,35,12,3,466.0485962,6.728911739
2,35,12,3,422.1714504,6.804460979
3,35,12,3,471.9623672,7.058330259
4,35,12,3,435.253101,6.800649761
5,35,12,3,410.3954061,6.126946212
6,35,12,3,334.2492175,5.008939855
7,35,12,3,336.8358132,4.744458525
8,35,12,3,346.5629434,4.850137982
9,35,12,3,369.0315183,5.400262354
10,35,12,3,438.2388354,6.359125912
11,35,12,3,443.7973381,6.499694742
12,35,12,3,454.6295633,6.398365396
1,35,14,1,151.7894044,6.728911739
2,35,14,1,137.4976231,6.804460979
3,35,14,1,153.7118065,7.058330259
4,35,14,1,141.7545659,6.800649761
5,35,14,1,133.6549116,6.126946212
6,35,14,1,108.8503814,5.008939855
7,35,14,1,109.6917765,4.744458525
8,35,14,1,112.8619942,4.850137982
9,35,14,1,120.1823836,5.400262354
10,35,14,1,142.7283625,6.359125912
11,35,14,1,144.5406183,6.499694742
12,35,14,1,148.0698693,6.398365396
1,35,14,2,303.5788088,6.728911739
2,35,14,2,274.9952463,6.804460979
3,35,14,2,307.423613,7.058330259
4,35,14,2,283.5091317,6.800649761
5,35,14,2,267.3098232,6.126946212
6,35,14,2,217.7007627,5.008939855
7,35,14,2,219.3835529,4.744458525
8,35,14,2,225.7239884,4.850137982
9,35,14,2,240.3647672,5.400262354
10,35,14,2,285.456725,6.359125912
11,35,14,2,289.0812365,6.499694742
12,35,14,2,296.1397386,6.398365396
1,35,14,3,455.3682132,6.728911739
2,35,14,3,412.4928694,6.804460979
3,35,14,3,461.1354194,7.058330259
4,35,14,3,425.2636976,6.800649761
5,35,14,3,400.9647347,6.126946212
6,35,14,3,326.5511441,5.008939855
7,35,14,3,329.0753294,4.744458525
8,35,14,3,338.5859826,4.850137982
9,35,14,3,360.5471509,5.400262354
10,35,14,3,428.1850875,6.359125912
11,35,14,3,433.6218548,6.499694742
12,35,14,3,444.209608,6.398365396
1,35,16,1,148.2292767,6.728911739
2,35,16,1,134.2714295,6.804460979
3,35,16,1,150.1028239,7.058330259
4,35,16,1,138.4247647,6.800649761
5,35,16,1,130.5113545,6.126946212
6,35,16,1,106.2846149,5.008939855
7,35,16,1,107.1053639,4.744458525
8,35,16,1,110.2030072,4.850137982
9,35,16,1,117.3542612,5.400262354
10,35,16,1,139.3771365,6.359125912
11,35,16,1,141.1487905,6.499694742
12,35,16,1,144.5966112,6.398365396
1,35,16,2,296.4585535,6.728911739
2,35,16,2,268.542859,6.804460979
3,35,16,2,300.2056478,7.058330259
4,35,16,2,276.8495295,6.800649761
5,35,16,2,261.0227089,6.126946212
6,35,16,2,212.5692297,5.008939855
7,35,16,2,214.2107277,4.744458525
8,35,16,2,220.4060144,4.850137982
9,35,16,2,234.7085223,5.400262354
10,35,16,2,278.7542731,6.359125912
11,35,16,2,282.297581,6.499694742
12,35,16,2,289.1932224,6.398365396
1,35,16,3,444.6878302,6.728911739
2,35,16,3,402.8142884,6.804460979
3,35,16,3,450.3084716,7.058330259
4,35,16,3,415.2742942,6.800649761
5,35,16,3,391.5340634,6.126946212
6,35,16,3,318.8538446,5.008939855
7,35,16,3,321.3160916,4.744458525
8,35,16,3,330.6090217,4.850137982
9,35,16,3,352.0627835,5.400262354
10,35,16,3,418.1314096,6.359125912
11,35,16,3,423.4463715,6.499694742
12,35,16,3,433.7898335,6.398365396
1,35,18,1,144.6692191,6.728911739
2,35,18,1,131.0452358,6.804460979
3,35,18,1,146.4938413,7.058330259
4,35,18,1,135.0949636,6.800649761
5,35,18,1,127.3679455,6.126946212
6,35,18,1,103.7190173,5.008939855
7,35,18,1,104.5194935,4.744458525
8,35,18,1,107.5440203,4.850137982
9,35,18,1,114.5261387,5.400262354
10,35,18,1,136.0259811,6.359125912
11,35,18,1,137.7569627,6.499694742
12,35,18,1,141.123353,6.398365396
1,35,18,2,289.3384383,6.728911739
2,35,18,2,262.0904716,6.804460979
3,35,18,2,292.9876826,7.058330259
4,35,18,2,270.1899272,6.800649761
5,35,18,2,254.7358911,6.126946212
6,35,18,2,207.4380347,5.008939855
7,35,18,2,209.038987,4.744458525
8,35,18,2,215.0880405,4.850137982
9,35,18,2,229.0522774,5.400262354
10,35,18,2,272.0519622,6.359125912
11,35,18,2,275.5139255,6.499694742
12,35,18,2,282.2467061,6.398365396
1,35,18,3,434.0076574,6.728911739
2,35,18,3,393.1357074,6.804460979
3,35,18,3,439.4815238,7.058330259
4,35,18,3,405.2848908,6.800649761
5,35,18,3,382.1038366,6.126946212
6,35,18,3,311.157052,5.008939855
7,35,18,3,313.5584805,4.744458525
8,35,18,3,322.6320608,4.850137982
9,35,18,3,343.5784161,5.400262354
10,35,18,3,408.0779432,6.359125912
11,35,18,3,413.2708882,6.499694742
12,35,18,3,423.3700591,6.398365396
1,40,8,1,164.6776074,6.82645372
2,40,8,1,147.6373711,6.823611949
3,40,8,1,162.3088682,6.955358728
4,40,8,1,146.5122672,6.558408466
5,40,8,1,135.5336836,5.805669689
6,40,8,1,110.2990834,4.744526121
7,40,8,1,111.8760625,4.522189707
8,40,8,1,116.2761669,4.6688797
9,40,8,1,125.7804566,5.276213301
10,40,8,1,152.2149722,6.331979664
11,40,8,1,156.2733461,6.56591067
12,40,8,1,161.0172451,6.508706572
1,40,8,2,329.3552149,6.82645372
2,40,8,2,295.2747422,6.823611949
3,40,8,2,324.6177364,6.955358728
4,40,8,2,293.0245344,6.558408466
5,40,8,2,271.0673672,5.805669689
6,40,8,2,220.5981669,4.744526121
7,40,8,2,223.7521249,4.522189707
8,40,8,2,232.5523338,4.6688797
9,40,8,2,251.5609132,5.276213301
10,40,8,2,304.4299443,6.331979664
11,40,8,2,312.5466923,6.56591067
12,40,8,2,322.0344902,6.508706572
1,40,8,3,494.0328223,6.82645372
2,40,8,3,442.9121133,6.823611949
3,40,8,3,486.9266045,6.955358728
4,40,8,3,439.5368016,6.558408466
5,40,8,3,406.6010509,5.805669689
6,40,8,3,330.8972503,4.744526121
7,40,8,3,335.6281874,4.522189707
8,40,8,3,348.8285006,4.6688797
9,40,8,3,377.3413698,5.276213301
10,40,8,3,456.6449165,6.331979664
11,40,8,3,468.8200384,6.56591067
12,40,8,3,483.0517353,6.508706572
1,40,10,1,161.1160066,6.82645372
2,40,10,1,144.4136042,6.823611949
3,40,10,1,158.7483614,6.955358728
4,40,10,1,143.2961987,6.558408466
5,40,10,1,132.5542982,5.805669689
6,40,10,1,107.8688795,4.744526121
7,40,10,1,109.4104562,4.522189707
8,40,10,1,113.716371,4.6688797
9,40,10,1,123.0150797,5.276213301
10,40,10,1,148.876052,6.331979664
11,40,10,1,152.8476652,6.56591067
12,40,10,1,157.5782036,6.508706572
1,40,10,2,322.2320132,6.82645372
2,40,10,2,288.8272084,6.823611949
3,40,10,2,317.4967227,6.955358728
4,40,10,2,286.5923975,6.558408466
5,40,10,2,265.1085965,5.805669689
6,40,10,2,215.7377589,4.744526121
7,40,10,2,218.8209124,4.522189707
8,40,10,2,227.4327419,4.6688797
9,40,10,2,246.0301593,5.276213301
10,40,10,2,297.752104,6.331979664
11,40,10,2,305.6953305,6.56591067
12,40,10,2,315.1564072,6.508706572
1,40,10,3,483.3480198,6.82645372
2,40,10,3,433.2408126,6.823611949
3,40,10,3,476.2450841,6.955358728
4,40,10,3,429.8885962,6.558408466
5,40,10,3,397.6628947,5.805669689
6,40,10,3,323.6066384,4.744526121
7,40,10,3,328.2313686,4.522189707
8,40,10,3,341.1491129,4.6688797
9,40,10,3,369.045239,5.276213301
10,40,10,3,446.6281559,6.331979664
11,40,10,3,458.5429957,6.56591067
12,40,10,3,472.7346108,6.508706572
1,40,12,1,157.5273827,6.82645372
2,40,12,1,141.1771084,6.823611949
3,40,12,1,155.1878546,6.955358728
4,40,12,1,140.0801303,6.558408466
5,40,12,1,129.5749128,5.805669689
6,40,12,1,105.4387595,4.744526121
7,40,12,1,106.9448809,4.522189707
8,40,12,1,111.156575,4.6688797
9,40,12,1,120.2497027,5.276213301
10,40,12,1,145.5371318,6.331979664
11,40,12,1,149.4219843,6.56591067
12,40,12,1,154.0802199,6.508706572
1,40,12,2,315.0547654,6.82645372
2,40,12,2,282.3542169,6.823611949
3,40,12,2,310.3757091,6.955358728
4,40,12,2,280.1602605,6.558408466
5,40,12,2,259.1498257,5.805669689
6,40,12,2,210.877519,4.744526121
7,40,12,2,213.8897619,4.522189707
8,40,12,2,222.3131501,4.6688797
9,40,12,2,240.4994054,5.276213301
10,40,12,2,291.0742636,6.331979664
11,40,12,2,298.8439687,6.56591067
12,40,12,2,308.1604397,6.508706572
1,40,12,3,472.5821481,6.82645372
2,40,12,3,423.5313253,6.823611949
3,40,12,3,465.5635637,6.955358728
4,40,12,3,420.2403908,6.558408466
5,40,12,3,388.7247385,5.805669689
6,40,12,3,316.3162786,4.744526121
7,40,12,3,320.8346428,4.522189707
8,40,12,3,333.4697251,4.6688797
9,40,12,3,360.7491082,5.276213301
10,40,12,3,436.6113954,6.331979664
11,40,12,3,448.265953,6.56591067
12,40,12,3,462.2406596,6.508706572
1,40,14,1,153.9177584,6.82645372
2,40,14,1,137.9406127,6.823611949
3,40,14,1,151.6273477,6.955358728
4,40,14,1,136.8640618,6.558408466
5,40,14,1,126.5955441,5.805669689
6,40,14,1,103.0089428,4.744526121
7,40,14,1,104.4799595,4.522189707
8,40,14,1,108.5967791,4.6688797
9,40,14,1,117.4843258,5.276213301
10,40,14,1,142.1982379,6.331979664
11,40,14,1,145.9963034,6.56591067
12,40,14,1,150.5491671,6.508706572
1,40,14,2,307.8355169,6.82645372
2,40,14,2,275.8812254,6.823611949
3,40,14,2,303.2546955,6.955358728
4,40,14,2,273.7281236,6.558408466
5,40,14,2,253.1910882,5.805669689
6,40,14,2,206.0178855,4.744526121
7,40,14,2,208.9599191,4.522189707
8,40,14,2,217.1935583,4.6688797
9,40,14,2,234.9686516,5.276213301
10,40,14,2,284.3964759,6.331979664
11,40,14,2,291.9926068,6.56591067
12,40,14,2,301.0983342,6.508706572
1,40,14,3,461.7532753,6.82645372
2,40,14,3,413.8218381,6.823611949
3,40,14,3,454.8820432,6.955358728
4,40,14,3,410.5921854,6.558408466
5,40,14,3,379.7866323,5.805669689
6,40,14,3,309.0268283,4.744526121
7,40,14,3,313.4398786,4.522189707
8,40,14,3,325.7903374,4.6688797
9,40,14,3,352.4529773,5.276213301
10,40,14,3,426.5947138,6.331979664
11,40,14,3,437.9889103,6.56591067
12,40,14,3,451.6475012,6.508706572
1,40,16,1,150.3081342,6.82645372
2,40,16,1,134.704117,6.823611949
3,40,16,1,148.0668409,6.955358728
4,40,16,1,133.6479933,6.558408466
5,40,16,1,123.6163037,5.805669689
6,40,16,1,100.5791887,4.744526121
7,40,16,1,102.0153565,4.522189707
8,40,16,1,106.0369832,4.6688797
9,40,16,1,114.7189488,5.276213301
10,40,16,1,138.8594093,6.331979664
11,40,16,1,142.5706225,6.56591067
12,40,16,1,147.0181587,6.508706572
1,40,16,2,300.6162684,6.82645372
2,40,16,2,269.4082339,6.823611949
3,40,16,2,296.1336818,6.955358728
4,40,16,2,267.2959866,6.558408466
5,40,16,2,247.2326075,5.805669689
6,40,16,2,201.1583774,4.744526121
7,40,16,2,204.0307131,4.522189707
8,40,16,2,212.0739664,4.6688797
9,40,16,2,229.4378977,5.276213301
10,40,16,2,277.7188186,6.331979664
11,40,16,2,285.141245,6.56591067
12,40,16,2,294.0363174,6.508706572
1,40,16,3,450.9244025,6.82645372
2,40,16,3,404.1123509,6.823611949
3,40,16,3,444.2005228,6.955358728
4,40,16,3,400.94398,6.558408466
5,40,16,3,370.8489112,5.805669689
6,40,16,3,301.7375661,4.744526121
7,40,16,3,306.0460696,4.522189707
8,40,16,3,318.1109496,4.6688797
9,40,16,3,344.1568465,5.276213301
10,40,16,3,416.5782279,6.331979664
11,40,16,3,427.7118675,6.56591067
12,40,16,3,441.054476,6.508706572
1,40,18,1,146.6985099,6.82645372
2,40,18,1,131.4676212,6.823611949
3,40,18,1,144.5063341,6.955358728
4,40,18,1,130.4319249,6.558408466
5,40,18,1,120.6371032,5.805669689
6,40,18,1,98.14943465,4.744526121
7,40,18,1,99.55084178,4.522189707
8,40,18,1,103.4771873,4.6688797
9,40,18,1,111.9535719,5.276213301
10,40,18,1,135.5205807,6.331979664
11,40,18,1,139.1449416,6.56591067
12,40,18,1,143.4871503,6.508706572
1,40,18,2,293.3970198,6.82645372
2,40,18,2,262.9352424,6.823611949
3,40,18,2,289.0126682,6.955358728
4,40,18,2,260.8638497,6.558408466
5,40,18,2,241.2742065,5.805669689
6,40,18,2,196.2988693,4.744526121
7,40,18,2,199.1016836,4.522189707
8,40,18,2,206.9543746,4.6688797
9,40,18,2,223.9071438,5.276213301
10,40,18,2,271.0411614,6.331979664
11,40,18,2,278.2898832,6.56591067
12,40,18,2,286.9743005,6.508706572
1,40,18,3,440.0955297,6.82645372
2,40,18,3,394.4028636,6.823611949
3,40,18,3,433.5190023,6.955358728
4,40,18,3,391.2957746,6.558408466
5,40,18,3,361.9113097,5.805669689
6,40,18,3,294.448304,4.744526121
7,40,18,3,298.6525253,4.522189707
8,40,18,3,310.4315619,4.6688797
9,40,18,3,335.8607157,5.276213301
10,40,18,3,406.5617421,6.331979664
11,40,18,3,417.4348248,6.56591067
12,40,18,3,430.4614508,6.508706572
